{
  "m": 3,
  "n": 3,
  "T": 2,
  "y": [
    0.0,
    1.0,
    2.0
  ],
  "C": [
    3.0,
    2.0
  ],
  "best_choices": [
    1,
    0,
    1,
    1,
    1,
    1
  ],
  "best_base": 3.0333333333333337,
  "kappa": 3.833333333333334,
  "kappa_1h": 4079.9999999999995,
  "num_spin_monomials": 123,
  "spin_const": 6167.583333333319
}